{
  "title": {
    "type": "plain_text",
    "text": "Threat Hunting Workbench"
  },
  "submit": {
    "type": "plain_text",
    "text": "Submit"
  },
  "blocks": [
    {
      "type": "section",
      "text": {
        "type": "mrkdwn",
        "text": "*Your personal Threat Hunting workbench.*\nChoose a category for examples to begin your analysis and reasoning with Threat Intel."
      },
      "block_id": "category",
      "accessory": {
        "type": "static_select",
        "options": [],
        "action_id": "category_select",
        "initial_option": {}
      }
    }
  ],
  "callback_id": "question_select",
  "clear_on_close": true,
  "notify_on_close": false,
  "type": "modal"
}