{
  "title": {
    "type": "plain_text",
    "text": "Channel Created"
  },
  "blocks": [
    {
      "type": "section",
      "text": {
        "type": "mrkdwn",
        "text": "We've created a new channel for your Workbench conversation."
      },
      "block_id": "channel_redirect",
      "accessory": {
        "type": "button",
        "action_id": "channel_redirect",
        "text": {
          "type": "plain_text",
          "text": "Click here to switch"
        },
        "url": " "
      }
    }
  ],
  "callback_id": "question_select",
  "clear_on_close": true,
  "notify_on_close": false,
  "type": "modal"
}