[
  {
    "type": "rich_text",
    "elements": [
      {
        "type": "rich_text_section",
        "elements": [
          {
            "type": "emoji",
            "name": "bell"
          },
          {
            "type": "text",
            "text": " S2S bot analyzes CTI, crafts insights, and generates Sigma rules",
            "style": {
              "bold": true
            }
          }
        ]
      }
    ]
  },
  {
    "type": "context",
    "elements": [
      {
        "type": "mrkdwn",
        "text": "S2S bot analyzes CTI, crafts insights, and generates Sigma rules. Simply enter a valid CTI URL\n/s2s <CTI URL(start with https://)>."
      }
    ]
  }
]