{
  "title": {
    "type": "plain_text",
    "text": "Change Focus"
  },
  "submit": {
    "type": "plain_text",
    "text": "Submit"
  },
  "blocks": [
    {
      "type": "section",
      "text": {
        "type": "mrkdwn",
        "text": " "
      }
    },
    {
      "type": "section",
      "text": {
        "type": "mrkdwn",
        "text": "Please choose your focus"
      },
      "block_id": "focus",
      "accessory": {
        "type": "static_select",
        "options": [],
        "action_id": "focus_select",
        "initial_option": {}
      }
    },
    {
      "type": "section",
      "text": {
        "type": "mrkdwn",
        "text": " "
      }
    }
  ],
  "callback_id": "focus_select",
  "clear_on_close": true,
  "notify_on_close": false,
  "type": "modal"
}