{
  "type": "home",
  "title": {
    "type": "plain_text",
    "text": "SystemTwo Security"
  },
  "blocks": [
    {
      "type": "section",
      "text": {
        "type": "mrkdwn",
        "text": ":wave: *Welcome to SystemTwo Security* \n\nHey there! I'm SystemTwo Security, your trusted bot for swiftly analyzing your CTI reports and crafting insights along with Sigma rules. Ready to begin? Just share the URL of your CTI report!"
      },
      "accessory": {
        "type": "image",
        "image_url": "https://s3.amazonaws.com/data.systemtwosecurity.com/S2S-Robo.png",
        "alt_text": "S2S"
      }
    },
    {
      "type": "actions",
      "elements": [
        {
          "type": "button",
          "action_id": "disconnect",
          "text": {
            "type": "plain_text",
            "text": "Disconnect"
          }
        }
      ]
    },
    {
      "type": "divider"
    },
    {
      "type": "section",
      "text": {
        "type": "mrkdwn",
        "text": "*How can I assist you?* \n\nGenerate insights with S2S bot for your CTI Report! Simply provide the CTI URL you want insights and Sigma rules for, and I'll walk you through the process.\n\n"
      }
    },
    {
      "type": "divider"
    }
  ]
}
