[
  {
    "type": "rich_text",
    "elements": [
      {
        "type": "rich_text_section",
        "elements": [
          {
            "type": "emoji",
            "name": "bell"
          },
          {
            "type": "text",
            "text": " Please select a question before submitting the workbench",
            "style": {
              "bold": true
            }
          }
        ]
      }
    ]
  },
  {
    "type": "context",
    "elements": [
      {
        "type": "mrkdwn",
        "text": "Please select or add your query in the workbench dialog for processing."
      }
    ]
  }
]