[
  {
    "type": "rich_text",
    "elements": [
      {
        "type": "rich_text_section",
        "elements": [
          {
            "type": "emoji",
            "name": "bell"
          },
          {
            "type": "text",
            "text": " Your CTI report has been successfully analyzed",
            "style": {
              "bold": true
            }
          }
        ]
      }
    ]
  },
  {
    "type": "context",
    "elements": [
      {
        "type": "mrkdwn",
        "text": "Your CTI report has been successfully analyzed."
      },
      {
        "type": "mrkdwn",
        "text": " "
      }
    ]
  },
  {
    "type": "section",
    "text": {
      "type": "mrkdwn",
      "text": ""
    }
  },
  {
    "type": "section",
    "text": {
      "type": "mrkdwn",
      "text": "You can log in to S2S application to access your hunt package for this report."
    },
    "accessory": {
      "type": "button",
      "action_id": "start_hunting",
      "text": {
        "type": "plain_text",
        "text": "Start Hunting"
      },
      "url": ""
    }
  }
]