[
  {
    "type": "rich_text",
    "elements": [
      {
        "type": "rich_text_section",
        "elements": [
          {
            "type": "emoji",
            "name": "bell"
          },
          {
            "type": "text",
            "text": " Something went wrong! Please try again",
            "style": {
              "bold": true
            }
          }
        ]
      }
    ]
  },
  {
    "type": "context",
    "elements": [
      {
        "type": "mrkdwn",
        "text": "Oops! It seems there is an issue on our end. Please try again later."
      }
    ]
  }
]