{
  "title": {
    "type": "plain_text",
    "text": "S2S Workbench Settings"
  },
  "submit": {
    "type": "plain_text",
    "text": "Submit"
  },
  "blocks": [
    {
      "type": "section",
      "text": {
        "type": "mrkdwn",
        "text": "Please select the expiry time for workbench channels"
      },
      "block_id": "expiry_time_select",
      "accessory": {
        "type": "radio_buttons",
        "options": [
          {
            "text": {
              "type": "plain_text",
              "text": "End of day"
            },
            "value": "0"
          },
          {
            "text": {
              "type": "plain_text",
              "text": "End of the week"
            },
            "value": "7"
          },
          {
            "text": {
              "type": "plain_text",
              "text": "never"
            },
            "value": "never"
          }
        ],
        "action_id": "expiry_time_select"
      }
    }
  ],
  "callback_id": "expiry_time_select",
  "clear_on_close": true,
  "notify_on_close": false,
  "type": "modal"
}