[
  {
    "type": "rich_text",
    "elements": [
      {
        "type": "rich_text_section",
        "elements": [
          {
            "type": "emoji",
            "name": "bell"
          },
          {
            "type": "text",
            "text": " Logged Out During Report Analysis:",
            "style": {
              "bold": true
            }
          }
        ]
      }
    ]
  },
  {
    "type": "context",
    "elements": [
      {
        "type": "mrkdwn",
        "text": "Oops! It seems you've been logged out during the report analysis process. No worries, your report is safe. Please log back in to continue."
      }
    ]
  },
  {
    "type": "section",
    "text": {
      "type": "mrkdwn",
      "text": " "
    },
    "accessory": {
      "type": "button",
      "action_id": "login",
      "text": {
        "type": "plain_text",
        "text": "Login"
      },
      "url": ""
    }
  }
]