[
  {
    "type": "rich_text",
    "elements": [
      {
        "type": "rich_text_section",
        "elements": [
          {
            "type": "emoji",
            "name": "bell"
          },
          {
            "type": "text",
            "text": " Your CTI report processing started",
            "style": {
              "bold": true
            }
          }
        ]
      }
    ]
  },
  {
    "type": "context",
    "elements": [
      {
        "type": "mrkdwn",
        "text": " Your CTI report processing has started. You will be notified once the processing is complete."
      }
    ]
  }
]