[
  {
    "type": "rich_text",
    "elements": [
      {
        "type": "rich_text_section",
        "elements": [
          {
            "type": "emoji",
            "name": "bell"
          },
          {
            "type": "text",
            "text": " The processing of your CTI report has failed.",
            "style": {
              "bold": true
            }
          }
        ]
      }
    ]
  },
  {
    "type": "context",
    "elements": [
      {
        "type": "mrkdwn",
        "text": "The processing of your CTI report has failed. This might be due to insufficient details in the CTI report for analysis, generating insights and Sigma rules. Please try again with a different CTI report."
      }
    ]
  }
]