[
  {
    "type": "rich_text",
    "elements": [
      {
        "type": "rich_text_section",
        "elements": [
          {
            "type": "emoji",
            "name": "wave"
          },
          {
            "type": "text",
            "text": " Welcome to the S2S app!",
            "style": {
              "bold": true
            }
          }
        ]
      }
    ]
  },
  {
    "type": "context",
    "elements": [
      {
        "type": "mrkdwn",
        "text": " As your on-demand CTI report analyst, we’re here to help. Simply share your CTI report with us, and we’ll handle the analysis and create a sigma package for you. Looking forward to assisting you!"
      }
    ]
  }
]