 {
     "Records": [
       {
         "body": "{\"request_id\": \"abc123\", \"tenant_id\": \"tenant42\", \"target\": \"splunk\", \"caller\": \"api\", \"scope\": \"hunt\", \"location\": \"s3://s2s-env-dev/tenant42/hunt/20240702\", \"config\": \"base64 encoded splunk config\", \"pipeline\": \"s3 location of pipeline\", \"data\": {\"type\": \"results\", \"format\": \"normalized\", \"query_id\": \"q001\", \"log_sources\": [\"O365\"], \"parent_query_id\": \"q000\", \"query_state\": \"completed\", \"query\": \"search index=main sourcetype=access_combined status=200\", \"timestamp\": \"2024-07-02T12:00:00Z\", \"additional_info\": \"Query for successful access logs\", \"path\": \"S3 path for the results\"}}"
       }
     ]
 }