{
  "Version": "2012-10-17",
  "Statement": [
    {
      "Effect": "Allow",
      "Action": [
        "logs:CreateLogGroup",
        "logs:CreateLogStream",
        "logs:PutLogEvents"
      ],
      "Resource": "*"
    },
    {
      "Effect": "Allow",
      "Action": [
        "sqs:ReceiveMessage",
        "sqs:GetQueueAttributes",
        "sqs:DeleteMessage",
        "sqs:ChangeMessageVisibility"
      ],
      "Resource": "arn:aws:sqs:{{AWS_REGION}}:{{ACCOUNT_ID}}:{{RECEIVE_QUEUE_FULL_NAME}}"
    },
    {
      "Effect": "Allow",
      "Action": "sqs:SendMessage",
      "Resource": "arn:aws:sqs:{{AWS_REGION}}:{{ACCOUNT_ID}}:{{SEND_QUEUE_FULL_NAME}}"
    },
    {
      "Effect": "Allow",
      "Action": "sqs:SendMessage",
      "Resource": "arn:aws:sqs:{{AWS_REGION}}:{{ACCOUNT_ID}}:{{STATUS_QUEUE_FULL_NAME}}"
    },
    {
      "Effect": "Allow",
      "Action": [
        "s3:PutObject",
        "s3:GetObject",
        "s3:ListBucket"
      ],
      "Resource": [
        "arn:aws:s3:::{{S3_BUCKET}}",
        "arn:aws:s3:::{{S3_BUCKET}}/*"
      ]
    },
    {
      "Effect": "Allow",
      "Action": "lambda:InvokeFunction",
      "Resource": "arn:aws:lambda:{{AWS_REGION}}:*:function:*"
    },
    {
      "Effect": "Allow",
      "Action": [
        "ec2:CreateNetworkInterface",
        "ec2:DescribeNetworkInterfaces",
        "ec2:DeleteNetworkInterface",
        "ec2:AttachNetworkInterface",
        "ec2:DetachNetworkInterface"
      ],
      "Resource": "*"
    }
  ]
}
